BEGIN;

TRUNCATE TABLE
    organization_phone,
    organization_activity,
    organization,
    activity,
    building
RESTART IDENTITY CASCADE;

INSERT INTO activity (id, name, parent_id, level) VALUES
    (1, 'Еда', NULL, 1),
    (2, 'Автомобили', NULL, 1),
    (9, 'Услуги', NULL, 1),
    (3, 'Мясная продукция', 1, 2),
    (4, 'Молочная продукция', 1, 2),
    (10, 'Пекарни', 1, 2),
    (5, 'Грузовые', 2, 2),
    (6, 'Легковые', 2, 2),
    (11, 'Автосервис', 2, 2),
    (12, 'Мойка', 9, 2),
    (13, 'Доставка', 9, 2),
    (7, 'Запчасти', 6, 3),
    (8, 'Аксессуары', 6, 3),
    (14, 'Шины', 6, 3),
    (15, 'Электрика', 11, 3),
    (16, 'Химчистка салона', 12, 3),
    (17, 'Экспресс-доставка', 13, 3);

INSERT INTO building (id, city, street, house, office, latitude, longitude) VALUES
    (1, 'Москва', 'Ленина', '1', '101', 55.7558, 37.6176),
    (2, 'Москва', 'Тверская', '12', '14', 55.7602, 37.6184),
    (3, 'Санкт-Петербург', 'Невский проспект', '28', NULL, 59.9343, 30.3351),
    (4, 'Казань', 'Баумана', '7', '21', 55.7961, 49.1064),
    (5, 'Екатеринбург', 'Малышева', '44', '8', 56.8389, 60.6057),
    (6, 'Новосибирск', 'Красный проспект', '19', NULL, 55.0302, 82.9204),
    (7, 'Москва', 'Профсоюзная', '88', '3', 55.6726, 37.5530),
    (8, 'Санкт-Петербург', 'Лиговский проспект', '52', '15', 59.9234, 30.3560);

INSERT INTO organization (id, name, building_id) VALUES
    (1, 'ООО Рога и Копыта', 1),
    (2, 'Молочный Мир', 2),
    (3, 'АвтоДом', 2),
    (4, 'ГрузСервис', 3),
    (5, 'Пекарня У Дома', 4),
    (6, 'СервисПлюс', 5),
    (7, 'Быстрая Доставка', 6),
    (8, 'АвтоШик', 7),
    (9, 'Чистый Салон', 8),
    (10, 'Фермерский Двор', 1),
    (11, 'ТракЛайн', 5),
    (12, 'Твой АвтоМир', 3);

INSERT INTO organization_phone (organization_id, phone) VALUES
    (1, '+7-999-111-22-33'),
    (1, '+7-999-111-22-34'),
    (2, '+7-999-222-33-44'),
    (3, '+7-999-333-44-55'),
    (4, '+7-999-444-55-66'),
    (5, '+7-999-555-10-10'),
    (5, '+7-999-555-10-11'),
    (6, '+7-999-666-20-20'),
    (7, '+7-999-777-30-30'),
    (7, '+7-999-777-30-31'),
    (8, '+7-999-888-40-40'),
    (9, '+7-999-999-50-50'),
    (10, '+7-900-100-60-60'),
    (11, '+7-900-110-70-70'),
    (12, '+7-900-120-80-80'),
    (12, '+7-900-120-80-81');

INSERT INTO organization_activity (organization_id, activity_id) VALUES
    (1, 3),
    (1, 10),
    (2, 4),
    (3, 6),
    (3, 7),
    (4, 5),
    (5, 10),
    (6, 11),
    (6, 15),
    (7, 13),
    (7, 17),
    (8, 6),
    (8, 8),
    (8, 14),
    (9, 12),
    (9, 16),
    (10, 3),
    (10, 4),
    (11, 5),
    (12, 6),
    (12, 7),
    (12, 8);

COMMIT;
